BEGIN;
BEGIN
SET client_min_messages TO NOTICE;
SET
SET TIMEZONE TO 'UTC';
SET
SELECT (to_timestamp(1630573200) at time zone 'UTC')::TIMESTAMP;
      timezone
---------------------
 2021-09-02 09:00:00
(1 row)

/* -- q1 */
SELECT *
FROM vro_vroomJobs(
  'SELECT * FROM vroom.jobs',
  'SELECT * FROM vroom.jobs_time_windows',
  'SELECT * FROM vroom.vehicles',
  'SELECT * FROM vroom.breaks',
  'SELECT * FROM vroom.breaks_time_windows',
  'SELECT * FROM vroom.matrix'
);
 seq | vehicle_seq | vehicle_id | vehicle_data | step_seq | step_type | task_id | location_id | task_data |       arrival       | travel_time | setup_time | service_time | waiting_time |      departure      | load
-----+-------------+------------+--------------+----------+-----------+---------+-------------+-----------+---------------------+-------------+------------+--------------+--------------+---------------------+-------
   1 |           1 |          1 | {}           |        1 |         1 |      -1 |           1 | {}        | 2021-09-02 08:05:00 | 00:00:00    | 00:00:00   | 00:00:00     | 00:00:00     | 2021-09-02 08:05:00 | {20}
   2 |           1 |          1 | {}           |        2 |         5 |       1 |           1 | {}        | 2021-09-02 08:05:00 | 00:00:00    | 00:00:00   | 00:00:00     | 00:00:00     | 2021-09-02 08:05:00 | {20}
   3 |           1 |          1 | {}           |        3 |         2 |       1 |           1 | {}        | 2021-09-02 08:05:00 | 00:00:00    | 00:00:00   | 00:04:10     | 00:55:25     | 2021-09-02 09:04:35 | {20}
   4 |           1 |          1 | {}           |        4 |         6 |      -1 |           1 | {}        | 2021-09-02 09:04:35 | 00:00:00    | 00:00:00   | 00:00:00     | 00:00:00     | 2021-09-02 09:04:35 | {20}
   5 |           1 |          1 | {}           |        0 |         0 |       0 |           0 | {}        | 1970-01-01 00:00:00 | 00:00:00    | 00:00:00   | 00:04:10     | 00:55:25     | 1970-01-01 00:00:00 | {}
   6 |           2 |          4 | {}           |        1 |         1 |      -1 |           3 | {}        | 2021-09-02 08:04:10 | 00:00:00    | 00:00:00   | 00:00:00     | 00:00:00     | 2021-09-02 08:04:10 | {100}
   7 |           2 |          4 | {}           |        2 |         5 |       4 |           1 | {}        | 2021-09-02 08:04:10 | 00:00:00    | 00:00:00   | 00:00:00     | 00:00:00     | 2021-09-02 08:04:10 | {100}
   8 |           2 |          4 | {}           |        3 |         2 |       5 |           4 | {}        | 2021-09-02 08:05:00 | 00:00:50    | 00:00:00   | 00:04:10     | 00:12:05     | 2021-09-02 08:21:15 | {100}
   9 |           2 |          4 | {}           |        4 |         2 |       2 |           2 | {}        | 2021-09-02 08:22:45 | 00:01:30    | 00:00:00   | 00:04:10     | 00:00:00     | 2021-09-02 08:26:55 | {100}
  10 |           2 |          4 | {}           |        5 |         2 |       3 |           3 | {}        | 2021-09-02 08:29:00 | 00:02:05    | 00:00:00   | 00:04:10     | 00:16:25     | 2021-09-02 08:49:35 | {100}
  11 |           2 |          4 | {}           |        6 |         2 |       4 |           3 | {}        | 2021-09-02 08:49:35 | 00:00:00    | 00:00:00   | 00:04:10     | 00:09:10     | 2021-09-02 09:02:55 | {100}
  12 |           2 |          4 | {}           |        7 |         6 |      -1 |           3 | {}        | 2021-09-02 09:02:55 | 00:00:00    | 00:00:00   | 00:00:00     | 00:00:00     | 2021-09-02 09:02:55 | {100}
  13 |           2 |          4 | {}           |        0 |         0 |       0 |           0 | {}        | 1970-01-01 00:00:00 | 00:04:25    | 00:00:00   | 00:16:40     | 00:37:40     | 1970-01-01 00:00:00 | {}
  14 |           0 |          0 | {}           |        0 |         0 |       0 |           0 | {}        | 1970-01-01 00:00:00 | 00:04:25    | 00:00:00   | 00:20:50     | 01:33:05     | 1970-01-01 00:00:00 | {}
(14 rows)

/* -- q2 */
SELECT *
FROM vro_vroomJobs(
  $jobs$
    SELECT * FROM (
      VALUES (1414, 2), (1515, 3)
    ) AS C(id, location_id)
  $jobs$,
  NULL,
  $vehicles$
    SELECT * FROM (
      VALUES (1, 1, 4)
    ) AS C(id, start_id, end_id)
  $vehicles$,
  NULL,
  NULL,
  $matrix$
    SELECT start_id, end_id, make_interval(secs => duration) AS duration FROM (
      VALUES (1, 2, 2104), (1, 3, 197), (1, 4, 1299),
             (2, 1, 2103), (2, 3, 2255), (2, 4, 3152),
             (3, 1, 197), (3, 2, 2256), (3, 4, 1102),
             (4, 1, 1299), (4, 2, 3153), (4, 3, 1102)
    ) AS C(start_id, end_id, duration)
  $matrix$
);
 seq | vehicle_seq | vehicle_id | vehicle_data | step_seq | step_type | task_id | location_id | task_data |       arrival       | travel_time | setup_time | service_time | waiting_time |      departure      | load
-----+-------------+------------+--------------+----------+-----------+---------+-------------+-----------+---------------------+-------------+------------+--------------+--------------+---------------------+------
   1 |           1 |          1 | {}           |        1 |         1 |      -1 |           1 | {}        | 1970-01-01 00:00:00 | 00:00:00    | 00:00:00   | 00:00:00     | 00:00:00     | 1970-01-01 00:00:00 | {}
   2 |           1 |          1 | {}           |        2 |         2 |    1414 |           2 | {}        | 1970-01-01 00:35:04 | 00:35:04    | 00:00:00   | 00:00:00     | 00:00:00     | 1970-01-01 00:35:04 | {}
   3 |           1 |          1 | {}           |        3 |         2 |    1515 |           3 | {}        | 1970-01-01 01:12:39 | 00:37:35    | 00:00:00   | 00:00:00     | 00:00:00     | 1970-01-01 01:12:39 | {}
   4 |           1 |          1 | {}           |        4 |         6 |      -1 |           4 | {}        | 1970-01-01 01:31:01 | 00:18:22    | 00:00:00   | 00:00:00     | 00:00:00     | 1970-01-01 01:31:01 | {}
   5 |           1 |          1 | {}           |        0 |         0 |       0 |           0 | {}        | 1970-01-01 00:00:00 | 01:31:01    | 00:00:00   | 00:00:00     | 00:00:00     | 1970-01-01 00:00:00 | {}
   6 |           0 |          0 | {}           |        0 |         0 |       0 |           0 | {}        | 1970-01-01 00:00:00 | 01:31:01    | 00:00:00   | 00:00:00     | 00:00:00     | 1970-01-01 00:00:00 | {}
(6 rows)

/* -- q3 */
ROLLBACK;
ROLLBACK
