BEGIN;
BEGIN
SET client_min_messages TO NOTICE;
SET
SET TIMEZONE TO 'UTC';
SET
SELECT (to_timestamp(1630573200) at time zone 'UTC')::TIMESTAMP;
      timezone
---------------------
 2021-09-02 09:00:00
(1 row)

/* -- q1 */
SELECT *
FROM vro_vroomShipments(
  'SELECT * FROM vroom.shipments',
  'SELECT * FROM vroom.shipments_time_windows',
  'SELECT * FROM vroom.vehicles',
  'SELECT * FROM vroom.breaks',
  'SELECT * FROM vroom.breaks_time_windows',
  'SELECT * FROM vroom.matrix'
);
 seq | vehicle_seq | vehicle_id | vehicle_data | step_seq | step_type | task_id | location_id | task_data |       arrival       | travel_time | setup_time | service_time | waiting_time |      departure      | load
-----+-------------+------------+--------------+----------+-----------+---------+-------------+-----------+---------------------+-------------+------------+--------------+--------------+---------------------+------
   1 |           1 |          1 | {}           |        1 |         1 |      -1 |           1 | {}        | 2021-09-02 08:05:00 | 00:00:00    | 00:00:00   | 00:00:00     | 00:00:00     | 2021-09-02 08:05:00 | {0}
   2 |           1 |          1 | {}           |        2 |         5 |       1 |           1 | {}        | 2021-09-02 08:05:00 | 00:00:00    | 00:00:00   | 00:00:00     | 00:00:00     | 2021-09-02 08:05:00 | {0}
   3 |           1 |          1 | {}           |        3 |         3 |       2 |           5 | {}        | 2021-09-02 08:06:46 | 00:01:46    | 00:00:00   | 00:37:30     | 00:00:00     | 2021-09-02 08:44:16 | {10}
   4 |           1 |          1 | {}           |        4 |         3 |       1 |           3 | {}        | 2021-09-02 08:44:41 | 00:00:25    | 00:00:00   | 00:37:30     | 00:00:00     | 2021-09-02 09:22:11 | {20}
   5 |           1 |          1 | {}           |        5 |         4 |       2 |           6 | {}        | 2021-09-02 09:23:41 | 00:01:30    | 00:00:00   | 00:37:30     | 00:00:00     | 2021-09-02 10:01:11 | {10}
   6 |           1 |          1 | {}           |        6 |         3 |       4 |           1 | {}        | 2021-09-02 10:03:18 | 00:02:07    | 00:00:00   | 00:37:30     | 00:00:00     | 2021-09-02 10:40:48 | {30}
   7 |           1 |          1 | {}           |        7 |         4 |       4 |           4 | {}        | 2021-09-02 10:42:03 | 00:01:15    | 00:00:00   | 00:37:30     | 00:00:00     | 2021-09-02 11:19:33 | {10}
   8 |           1 |          1 | {}           |        8 |         3 |       5 |           2 | {}        | 2021-09-02 11:21:03 | 00:01:30    | 00:00:00   | 00:37:30     | 00:21:27     | 2021-09-02 12:20:00 | {20}
   9 |           1 |          1 | {}           |        9 |         3 |       3 |           1 | {}        | 2021-09-02 12:20:50 | 00:00:50    | 00:00:00   | 00:37:30     | 00:00:00     | 2021-09-02 12:58:20 | {40}
  10 |           1 |          1 | {}           |       10 |         4 |       5 |           2 | {}        | 2021-09-02 12:59:10 | 00:00:50    | 00:00:00   | 00:37:30     | 00:03:45     | 2021-09-02 13:40:25 | {30}
  11 |           1 |          1 | {}           |       11 |         4 |       3 |           2 | {}        | 2021-09-02 13:40:25 | 00:00:00    | 00:00:00   | 00:37:30     | 00:03:20     | 2021-09-02 14:21:15 | {10}
  12 |           1 |          1 | {}           |       12 |         4 |       1 |           5 | {}        | 2021-09-02 14:23:40 | 00:02:25    | 00:00:00   | 00:37:30     | 00:31:45     | 2021-09-02 15:32:55 | {0}
  13 |           1 |          1 | {}           |       13 |         6 |      -1 |           1 | {}        | 2021-09-02 15:34:41 | 00:01:46    | 00:00:00   | 00:00:00     | 00:00:00     | 2021-09-02 15:34:41 | {0}
  14 |           1 |          1 | {}           |        0 |         0 |       0 |           0 | {}        | 1970-01-01 00:00:00 | 00:14:24    | 00:00:00   | 06:15:00     | 01:00:17     | 1970-01-01 00:00:00 | {}
  15 |           0 |          0 | {}           |        0 |         0 |       0 |           0 | {}        | 1970-01-01 00:00:00 | 00:14:24    | 00:00:00   | 06:15:00     | 01:00:17     | 1970-01-01 00:00:00 | {}
(15 rows)

/* -- q2 */
SELECT *
FROM vro_vroomShipments(
  $shipments$
    SELECT * FROM (
      VALUES (100, 1, 4)
    ) AS C(id, p_location_id, d_location_id)
  $shipments$,
  NULL,
  $vehicles$
    SELECT * FROM (
      VALUES (1, 1, 4)
    ) AS C(id, start_id, end_id)
  $vehicles$,
  NULL,
  NULL,
  $matrix$
    SELECT start_id, end_id, make_interval(secs => duration) AS duration FROM (
      VALUES (1, 2, 2104), (1, 3, 197), (1, 4, 1299),
             (2, 1, 2103), (2, 3, 2255), (2, 4, 3152),
             (3, 1, 197), (3, 2, 2256), (3, 4, 1102),
             (4, 1, 1299), (4, 2, 3153), (4, 3, 1102)
    ) AS C(start_id, end_id, duration)
  $matrix$
);
 seq | vehicle_seq | vehicle_id | vehicle_data | step_seq | step_type | task_id | location_id | task_data |       arrival       | travel_time | setup_time | service_time | waiting_time |      departure      | load
-----+-------------+------------+--------------+----------+-----------+---------+-------------+-----------+---------------------+-------------+------------+--------------+--------------+---------------------+------
   1 |           1 |          1 | {}           |        1 |         1 |      -1 |           1 | {}        | 1970-01-01 00:00:00 | 00:00:00    | 00:00:00   | 00:00:00     | 00:00:00     | 1970-01-01 00:00:00 | {}
   2 |           1 |          1 | {}           |        2 |         3 |     100 |           1 | {}        | 1970-01-01 00:00:00 | 00:00:00    | 00:00:00   | 00:00:00     | 00:00:00     | 1970-01-01 00:00:00 | {}
   3 |           1 |          1 | {}           |        3 |         4 |     100 |           4 | {}        | 1970-01-01 00:21:39 | 00:21:39    | 00:00:00   | 00:00:00     | 00:00:00     | 1970-01-01 00:21:39 | {}
   4 |           1 |          1 | {}           |        4 |         6 |      -1 |           4 | {}        | 1970-01-01 00:21:39 | 00:00:00    | 00:00:00   | 00:00:00     | 00:00:00     | 1970-01-01 00:21:39 | {}
   5 |           1 |          1 | {}           |        0 |         0 |       0 |           0 | {}        | 1970-01-01 00:00:00 | 00:21:39    | 00:00:00   | 00:00:00     | 00:00:00     | 1970-01-01 00:00:00 | {}
   6 |           0 |          0 | {}           |        0 |         0 |       0 |           0 | {}        | 1970-01-01 00:00:00 | 00:21:39    | 00:00:00   | 00:00:00     | 00:00:00     | 1970-01-01 00:00:00 | {}
(6 rows)

/* -- q3 */
ROLLBACK;
ROLLBACK
